-- SAVE A LIFE -- GOTO https://www.eversql.com/sql-syntax-check-validator/ TO SYNTAX CHECK YOUR WORK!

-- Attendance;
-- ClassGroup;
-- Activity;
-- Student;
-- AttendanceRecord;
-- ActivityCompleted;

INSERT INTO Student (studentID, firstName, lastName, dob, groupID) VALUES
  (1, "Jarod", "Brennfleck", DATE("1999-02-01"), -1),
  (2, "Josie", "Curtis", DATE("1999-02-02"), -1),
  (3, "Jack", "Millar", DATE("1997-08-29"), -1),
  (4, "Kat", "Burnett", DATE("1999-02-04"), -1);



INSERT INTO Activity (activityID, parentID, activityName, mandatory) VALUES
(1, null, "Outdoor Activities", 1),
    (2, 1, "Survival", 1),
    	(3, 2, "Gathering Food", 1),
			(4, 3, "Set Trap for Animal", 1),
			(5, 3, "Pick Berries", 1),
			(6, 3, "Gather Insects", 1),
		(7, 2, "Cooking Food", 1),
			(8, 7, "Cook Meat", 1),
			(9, 7, "Prepare Berries", 1),
			(10, 7, "Prepare Insects", 1),
    (11, 1, "Protection", 1),
	    (12, 11, "Shelter Making", 1),
       		(13, 12, "Gather Sticks", 1),
       		(14, 12, "Gather leaves", 1),
        	(15, 12, "Put Materials Together", 1),
     	(16, 11, "Campfires", 1),
			(251, 16, "Campfire Test", 1),
		(17, 11, "Gather Sticks", 1),
			(252, 17, "Gathering Test", 1),
		(18, 11, "Use flint", 1),
			(253, 18, "Flint Test", 1),
    (19, 1, "Fishing", 1),
	    (20, 19, "Catching Fish", 1),
		    (21, 20, "Lures", 1),
     	 	(22, 20, "Rods", 1),
     	(23, 19, "Techniques", 1),
		    (24, 23, "Casting", 1),
		    (25, 23, "Reeling in", 1),
    (26, 1, "Shooting", 1),
	    (27, 26, "Safety", 1),
			(254, 27, "Safety Test", 1),
        (28, 27, "Eye protection", 1),
			(255, 28, "Eyepro Test", 1),
        (29, 27, "Clearing Weapon Drills", 1),
			(256, 29, "Drills Test", 1),
        (30, 27, "Cleaning Weapon", 1),
    (31, 26, "Weapon Parts", 1),
        (32, 31, "Body", 1),
        (33, 31, "Working Parts", 1),
        (34, 31, "Trigger Mechanism", 1),
	(35, 26, "Marksmanship", 1),
		(36, 35, "Breathing", 1),
		(37, 35, "Aim", 1),
		(38, 35, "Trigger Manipulation", 1),
    (39, 1, "First aid", 1),
	(40, 39, "Basic", 1),
		(41, 40, "Splintering", 1),
		(42, 40, "Sprains", 1),
		(43, 40, "Frost Bite", 1),
	(44, 39, "Life Threatening", 1),
		(45, 44, "CPR", 1),
		(46, 44, "Hypothermia", 1),
		(47, 44, "Excessive Bleeding", 1),
    (48, 1, "Bush Walking", 1),
	(49, 48, "Hike", 1),
		(50, 49, "Map Reading", 1),
		(51, 49, "Compass Reading", 1),
    (52, 1, "Packing", 1),
		(53, 52, "Equipment", 1),
			(54, 53, "Cooking Equipment", 1),
			(55, 53, "Fire Starting Equipment", 1),
			(56, 53, "Correct Format of Pack", 1),
    (57, 1, "Environment", 0),
		(58, 57, "Plant Conservation", 1),
			(59, 58, "Plant Trees", 1),
			(60, 59, "Clean up Australia Day", 1),
		(62, 57, "Animal Conservation", 1),
			(63, 62, "Build a habitat", 1),
			(64, 62, "Research and Endangered Species", 1),
    (65, 1, "Physical Activity", 0),
		(66, 65, "Canoeing", 1),
			(67, 66, "Techniques", 1),
			(68, 66, "Types of Boats", 1),
	(70, 1, "Horseback Riding", 0),
		(71, 70, "Techniques", 1),
		(72, 70, "Grooming", 1),
    (74, 1, "Sport", 0),
		(75, 74, "History", 1),
			(76, 75, "The Beginning of the Sport", 1),
			(77, 75, "Changes to the Sport", 1),
			(78, 75, "Significant Events", 1),
		(79, 74, "Rules", 1),
			(80, 79, "Report on the Rules", 1),
			(81, 79, "Changes to the Rules", 1),
    (82, 1, "Overnight Initiative", 0),
		(83, 82, "Water Challenge", 1),
			(84, 83, "Canoeing", 1),
			(85, 83, "Diving", 1),
		(86, 82, "First Aid Challenge", 1),
			(87, 86, "CPR", 1),
			(88, 86, "Major Bleeding", 1),
		(89, 82, "Navigation Challenge", 1),
			(90, 89, "Unmarked Trial", 1),
    (91, 1, "Sailing", 0),
		(92, 91, "Techniques", 1),
			(93, 92, "Knot Tying", 1),
			(94, 92, "Sailing Techniques", 1),
			(95, 92, "Rescue", 1),
		(96, 91, "Boats", 1),
			(97, 96, "Types of Boats", 1),
			(98, 96, "History of Boats", 1),
	(99, 1, "Surf Life Saving", 0),
		(100, 99, "Theory", 1),
			(101, 100, "Surf Hazards", 1),
		(104, 99, "Practical", 1),
			(105, 104, "Self Survival in Surf", 1),
			(106, 104, "Respond to a Rescue", 1),
    (108, 1, "Gardening", 0),
		(109, 108, "Knowledge of Plants", 1),
			(110, 109, "Types of Plants", 1),
			(111, 109, "How to Plant Seeds", 1),
			(112, 109, "How to Maintain Plants", 1),
		(113, 108, "Plant Seeds", 1),
			(114, 113, "Prepare Garden Bed", 1),
			(115, 113, "Plant Seedlings", 1),
			(116, 113, "Tend to Plants", 1),


(117, null, "History", 1),
    (118, 117, "Investigating Ancient History", 1),
		(119, 118, "Skills", 1),
			(120, 119, "Analyse Sources", 1),
	 		(121, 119, "Analyse Case Studies", 1),
	  	(122, 118, "The Nature of Ancient History", 1),
			(123, 122, "Features of Ancient Societies", 1),
			(124, 122, "Historical Investigation", 1),
    (125, 117, "Ancient History", 1),
		(126, 125, "Ancient Egypt", 1),
			(127, 126, "Hieroglyphs", 1),
			(128, 126, "Pyramids", 1),
			(129, 126, "Age of Decline", 1),
		(130, 125, "Ancient Rome", 1),
			(131, 130, "Rulers", 1),
			(132, 130, "Army", 1),
			(133, 130, "Architecture", 1),
		(134, 125, "Ancient Greece", 1),
    		(135, 134, "Mythology", 1),
			(136, 134, "Philosophy", 1),
			(137, 134, "Science", 1),
    (138, 117, "Middle Ages", 1),
		(139, 138, "The Rise of Islam", 1),
			(140, 139, "Pre Islamic Arabia", 1),
			(141, 139, "Prophet Muhammad", 1),
			(142, 139, "Articles of Faith", 1),
	       (143, 138, "The Black Death", 1),
			(144, 143, "Origins", 1),
			(145, 143, "Treatments", 1),
			(146, 143, "Interesting Facts", 1),
    (147, 117, "The Bolsheviks", 1),
		(148, 147, "Political Revolution", 1),
			(149, 148, "Political Figures of Russia", 1),
			(150, 149, "Who Were the Bolsheviks", 1),
			(151, 149, "Political Unrest", 1),
		(152, 147, "Social Revolution", 1),
			(153, 152, "Social Hierarchy", 1),
			(154, 152, "Civil Unrest", 1),
			(155, 152, "Challenges of Social Landscape", 1),
	(156, 117, "Australian History", 1),
		(157, 156, "Indigenous Culture", 1),
			(158, 157, "The Dreaming", 1),
			(159, 157, "Indigenous Art", 1),
	        (160, 156, "First Settlement", 1),
			(161, 160, "First Fleet", 1),
			(162, 160, "Arthur Phillip", 1),
			(163, 160, "Conflict", 1),
        (164, 156, "Federation", 1),
			(165, 164, "The Constitution", 1),
			(166, 164, "Edmund Barton", 1),
    (167, 117, "World War I", 1),
       		(168, 167, "Triple Entente", 1),
			(169, 168, "The Somme", 1),
			(170, 168, "Passchendale", 1),
			(171, 168, "Verdun", 1),
		(172, 167, "Axis Powers", 1),
			(173, 172, "Spring Offensive", 1),
			(174, 172, "Isonzo", 1),
			(175, 172, "Axis Failure", 1),
	(176, 117, "World War II", 1),
		(177, 176, "Major Battles", 1),
			(178, 177, "Pearl Harbour", 1),
			(179, 177, "Battle of Britain", 1),
			(180, 177, "Battle of Midway", 1),
		(181, 176, "Political Events", 1),
			(182, 181, "Germany Post WWI", 1),
			(183, 181, "German Failures", 1),
			(184, 181, "Allies Success", 1),
    (185, 117, "Vietnam War", 0),
		(186, 185, "Political Landscape", 1),
			(187, 186, "Domino Effect", 1),
			(188, 186, "WHAM", 1),
			(189, 186, "Cold War", 1),
		(190, 185, "Guerilla Warfare", 1),
			(191, 190, "Viet Cong Techniques", 1),
			(192, 190, "Allied Difficulty", 1),
			(193, 190, "Effects", 1),
    (194, 117, "Art", 0),
	    (195, 194, "Ancient Classical Art", 1),
			(196, 195, "Greek Sculptures", 1),
			(197, 195, "Roman Sculptures", 1),
	    (198, 194, "Medieval Art", 1),
			(199, 198, "Characteristics", 1),
			(200, 198, "Famous Artists", 1),
			(201, 198, "Style", 1),
	    (202, 194, "Renaissance", 1),
			(203, 202, "Leonardo Da Vinci", 1),
			(204, 202, "Michelangelo", 1),
			(205, 202, "Donatello", 1),
    (206, 117, "Clothes", 0),
		(207, 206, "Ancient Clothing", 1),
			(208, 207, "Fabrics", 1),
			(209, 207, "Status Symbols", 1),
		(210, 206, "Middle Ages Clothing", 1),
			(211, 210, "Knights", 1),
			(212, 210, "Headpieces", 1),
		(213, 206, "Modern Era Clothing", 1),
			(214, 213, "17th Century Females", 1),
			(215, 213, "17th Century Males", 1),
			(216, 213, "Post 20th Century", 1),
    (217, 117, "Civil Rights Movement", 0),
		(218, 217, "American", 1),
			(219, 218, "Slavery", 1),
			(220, 218, "Segregation", 1),
			(221, 218, "Historical Figures", 1),
		(222, 217, "Australian", 1),
			(223, 222, "The Stolen Generation", 1),
			(224, 222, "Indigenous Constitutional Rights", 1),
			(225, 222, "Mabo Case", 1),
    (226, 117, "RAAF History", 0),
		(227, 226, "Australian Flying Corps", 1),
			(228, 227, "WWI Operations", 1),
		(229, 226, "Australian Air Force", 1),
			(230, 229, "Establishment", 1),
			(231, 229, "WWII Operations", 1),
		(232, 226, "Present Day", 1),
			(233, 232, "Current Operations", 1),
			(234, 232, "Fifth Generation", 1),
    (235, 117, "Australian Army History", 0),
		(236, 235, "Pre ARA", 1),
			(237, 236, "Militias", 1),
			(238, 236, "Australian Imperial Force", 1),
		(239, 235, "Post WWII", 1),
			(240, 239, "Establishment", 1),
			(241, 239, "Operations", 1),
		(242, 235, "Current ARA", 1),
			(243, 242, "Modern Operations", 1),
			(244, 242, "Values", 1),
    (245, 117, "Royal Australian Navy History", 0),
		(246, 245, "Settlement", 1),
			(247, 246, "Royal Navy", 1),
		(248, 245, "Establishment of RAN", 1),
			(249, 248, "Ships", 1),
			(250, 248, "WWI Operations", 1);





INSERT INTO AttendanceRecord (student, recordDate, attendance) VALUES	
	(1, DATE("2020-08-11"), 1),
	(2, DATE("2020-08-11"), 3),
	(3, DATE("2020-08-11"), 3),
	(4, DATE("2020-08-11"), 1),
	(1, DATE("2020-08-18"), 1),
	(2, DATE("2020-08-18"), 1),
	(3, DATE("2020-08-18"), 3),
	(4, DATE("2020-08-18"), 2),
	(1, DATE("2020-08-25"), 1),
	(2, DATE("2020-08-25"), 3),
	(3, DATE("2020-08-25"), 1),
	(4, DATE("2020-08-25"), 3),
	(1, DATE("2020-09-02"), 1),
	(2, DATE("2020-09-02"), 2),
	(3, DATE("2020-09-02"), 3),
	(4, DATE("2020-09-02"), 1),	
	(1, DATE("2020-09-09"), 2),
	(2, DATE("2020-09-09"), 1),
	(3, DATE("2020-09-09"), 1),
	(4, DATE("2020-09-09"), 3),
	(1, DATE("2020-09-16"), 1),
	(2, DATE("2020-09-16"), 1),
	(3, DATE("2020-09-16"), 1),
	(4, DATE("2020-09-16"), 1),
	(1, DATE("2020-09-19"), 1),
	(2, DATE("2020-09-19"), 1),
	(3, DATE("2020-09-19"), 3),
	(4, DATE("2020-09-19"), 1),
	(1, DATE("2020-09-22"), 1),
	(2, DATE("2020-09-22"), 2),
	(3, DATE("2020-09-22"), 1),
	(4, DATE("2020-09-22"), 1),
	(1, DATE("2020-09-29"), 2),
	(2, DATE("2020-09-29"), 1),
	(3, DATE("2020-09-29"), 1),
	(4, DATE("2020-09-29"), 3),
	(1, DATE("2020-10-06"), 1),
	(2, DATE("2020-10-06"), 2),
	(3, DATE("2020-10-06"), 3),
	(4, DATE("2020-10-06"), 1),
	(1, DATE("2020-10-13"), 1),
	(2, DATE("2020-10-13"), 3),
	(3, DATE("2020-10-13"), 3),
	(4, DATE("2020-10-13"), 1),
	(1, DATE("2020-10-20"), 1),
	(2, DATE("2020-10-20"), 3),
	(3, DATE("2020-10-20"), 3),
	(4, DATE("2020-10-20"), 1);





INSERT INTO ActivityCompleted (activity, student, completionDate) VALUES
	(101, 1, DATE("2020-08-11")),
	(100, 1, DATE("2020-08-11")),
	(105, 1, DATE("2020-08-11")),
	(106, 1, DATE("2020-08-11")),
	-- (104, 1, DATE("2020-08-11")),
	-- (99, 1, DATE("2020-08-11")),
	(149, 4, DATE("2020-08-11")),
	(67, 1, DATE("2020-08-18")),
	(68, 1, DATE("2020-08-18")),
	(66, 1, DATE("2020-08-18")),
	-- (71, 1, DATE("2020-08-18")),
	(72, 1, DATE("2020-08-18")),
	-- (70, 1, DATE("2020-08-18")),
	(65, 1, DATE("2020-08-18")),
	(59, 1, DATE("2020-08-25")),
	(60, 1, DATE("2020-08-25")),
	(58, 1, DATE("2020-08-25")),
	(63, 1, DATE("2020-08-25")),
	(64, 1, DATE("2020-08-25")),
	(62, 1, DATE("2020-08-25")),
	(57, 1, DATE("2020-08-25")),
	(191, 3, DATE("2020-08-25")),
	(192, 3, DATE("2020-08-25")),
	(193, 3, DATE("2020-08-25")),
	(190, 3, DATE("2020-08-25")),
	(41, 1, DATE("2020-09-02")),
	(42, 1, DATE("2020-09-02")),
	(43, 1, DATE("2020-09-02")),
	(40, 1, DATE("2020-09-02")),
	(247, 4, DATE("2020-09-02")),
	(246, 4, DATE("2020-09-02")),
	(249, 4, DATE("2020-09-02")),
	(144, 2, DATE("2020-09-09")),
	(145, 2, DATE("2020-09-09")),
	(146, 2, DATE("2020-09-09")),
	(143, 2, DATE("2020-09-09")),
	(169, 3, DATE("2020-09-09")),
	(171, 3, DATE("2020-09-09")),
	(45, 1, DATE("2020-09-16")),
	(46, 1, DATE("2020-09-16")),
	(47, 1, DATE("2020-09-16")),
	(44, 1, DATE("2020-09-16")),
	(39, 1, DATE("2020-09-16")),
	(140, 2, DATE("2020-09-16")),
	(141, 2, DATE("2020-09-16")),
	(142, 2, DATE("2020-09-16")),
	(139, 2, DATE("2020-09-16")),
	(170, 3, DATE("2020-09-16")),
	(168, 3, DATE("2020-09-16")),
	(173, 3, DATE("2020-09-16")),
	(250, 4, DATE("2020-09-16")),
	(248, 4, DATE("2020-09-16")),
	(245, 4, DATE("2020-09-16")),
	(237, 4, DATE("2020-09-16")),
	(238, 4, DATE("2020-09-16")),
	(236, 4, DATE("2020-09-16")),
	(21, 1, DATE("2020-09-19")),
	(22, 1, DATE("2020-09-19")),
	(19, 1, DATE("2020-09-19")),
	(24, 1, DATE("2020-09-19")),
	(25, 1, DATE("2020-09-19")),
	(23, 1, DATE("2020-09-19")),
	(158, 2, DATE("2020-09-19")),
	(159, 2, DATE("2020-09-19")),
	(157, 2, DATE("2020-09-19")),
	(240, 4, DATE("2020-09-19")),
	(241, 4, DATE("2020-09-19")),
	(239, 4, DATE("2020-09-19")),
	(17, 1, DATE("2020-09-22")),
	(18, 1, DATE("2020-09-22")),
	(16, 1, DATE("2020-09-22")),
	(13, 1, DATE("2020-09-22")),
	(14, 1, DATE("2020-09-22")),
	(15, 1, DATE("2020-09-22")),
	(12, 1, DATE("2020-09-22")),
	(11, 1, DATE("2020-09-22")),
	(174, 3, DATE("2020-09-22")),
	(175, 3, DATE("2020-09-22")),
	(172, 3, DATE("2020-09-22")),
	(167, 3, DATE("2020-09-22")),
	(243, 4, DATE("2020-09-22")),
	(244, 4, DATE("2020-09-22")),
	(242, 4, DATE("2020-09-22")),
	(235, 4, DATE("2020-09-22")),
	(228, 4, DATE("2020-09-22")),
	(227, 4, DATE("2020-09-22")),
	(230, 4, DATE("2020-09-22")),
	(231, 4, DATE("2020-09-22")),
	(229, 4, DATE("2020-09-22")),
	(232, 4, DATE("2020-09-22")),
	(233, 4, DATE("2020-09-22")),
	(234, 4, DATE("2020-09-22")),
	(226, 4, DATE("2020-09-22")),
	(161, 2, DATE("2020-09-29")),
	(162, 2, DATE("2020-09-29")),
	(163, 2, DATE("2020-09-29")),
	(160, 2, DATE("2020-09-29")),
	(156, 2, DATE("2020-09-29")),
	(178, 3, DATE("2020-09-29")),
	(179, 3, DATE("2020-09-29")),
	(180, 3, DATE("2020-09-29")),
	(177, 3, DATE("2020-09-29")),
	(4, 1, DATE("2020-10-06")),
	(5, 1, DATE("2020-10-06")),
	(6, 1, DATE("2020-10-06")),
	(3, 1, DATE("2020-10-06")),
	(8, 1, DATE("2020-10-06")),
	(9, 1, DATE("2020-10-06")),
	(10, 1, DATE("2020-10-06")),
	(7, 1, DATE("2020-10-06")),
	(2, 1, DATE("2020-10-06")),
	(120, 4, DATE("2020-10-06")),
	(121, 4, DATE("2020-10-06")),
	(119, 4, DATE("2020-10-06")),
	(123, 4, DATE("2020-10-06")),
	(124, 4, DATE("2020-10-06")),
	(122, 4, DATE("2020-10-06")),
	(118, 4, DATE("2020-10-06")),
	(28, 1, DATE("2020-10-13")),
	(29, 1, DATE("2020-10-13")),
	(30, 1, DATE("2020-10-13")),
	(27, 1, DATE("2020-10-13")),
	(32, 1, DATE("2020-10-13")),
	(33, 1, DATE("2020-10-13")),
	(34, 1, DATE("2020-10-13")),
	(31, 1, DATE("2020-10-13")),
	(36, 1, DATE("2020-10-13")),
	(37, 1, DATE("2020-10-13")),
	(38, 1, DATE("2020-10-13")),
	(35, 1, DATE("2020-10-13")),
	(26, 1, DATE("2020-10-13")),
	(127, 4, DATE("2020-10-13")),
	(128, 4, DATE("2020-10-13")),
	(129, 4, DATE("2020-10-13")),
	(126, 4, DATE("2020-10-13")),
	(131, 4, DATE("2020-10-13")),
	(132, 4, DATE("2020-10-13")),
	(133, 4, DATE("2020-10-13")),
	(130, 4, DATE("2020-10-13")),
	(135, 4, DATE("2020-10-13")),
	(136, 4, DATE("2020-10-13")),
	(137, 4, DATE("2020-10-13")),
	(134, 4, DATE("2020-10-13")),
	(125, 4, DATE("2020-10-13")),
	(50, 1, DATE("2020-10-20")),
	(51, 1, DATE("2020-10-20")),
	(49, 1, DATE("2020-10-20")),
	(48, 1, DATE("2020-10-20")),
	(54, 1, DATE("2020-10-20")),
	(55, 1, DATE("2020-10-20")),
	(56, 1, DATE("2020-10-20")),
	(53, 1, DATE("2020-10-20")),
	(52, 1, DATE("2020-10-20")),
	-- (1, 1, DATE("2020-10-20")), -- hide this to demo a badge being completed!
	(144, 4, DATE("2020-10-20")),
	(145, 4, DATE("2020-10-20")),
	(146, 4, DATE("2020-10-20")),
	(143, 4, DATE("2020-10-20")),
	(140, 4, DATE("2020-10-20")),
	(141, 4, DATE("2020-10-20")),
	(142, 4, DATE("2020-10-20")),
	(139, 4, DATE("2020-10-20")),
	(138, 4, DATE("2020-10-20"));